Time (s),Fᵧ (N),rᵧ (m)
0.009999999776482582,-1.1128275394439697,0
0.019999999552965164,-1.1128275394439697,0
0.029999999329447746,-1.1060597896575928,0
0.03999999910593033,-1.1128275394439697,0
0.05000000074505806,-1.1128275394439697,0
0.05999999865889549,-1.1128275394439697,0
0.07000000029802322,-1.1060599088668823,0
0.07999999821186066,-1.1060599088668823,0
0.09000000357627869,-1.1128275394439697,0
0.10000000149011612,-1.1128275394439697,0
0.10999999940395355,-1.1128275394439697,0
0.11999999731779099,-1.1060597896575928,0
0.12999999523162842,-1.1128275394439697,0
0.14000000059604645,-1.1128275394439697,0
0.15000000596046448,-1.1060599088668823,0
0.1599999964237213,-1.1128275394439697,0
0.17000000178813934,-1.1060599088668823,0
0.18000000715255737,-1.1060599088668823,0
0.1899999976158142,-1.1060599088668823,0
0.20000000298023224,-1.1060599088668823,0
0.20999999344348907,-1.1128275394439697,0
0.2199999988079071,-1.1060599088668823,0
0.23000000417232513,-1.1128275394439697,0
0.23999999463558197,-1.1128275394439697,0
0.25,-1.1128275394439697,0
0.25999999046325684,-1.1128275394439697,0
0.27000001072883606,-1.1128275394439697,0
0.2800000011920929,-1.1128275394439697,0
0.28999999165534973,-1.1128275394439697,0
0.30000001192092896,-1.1195952892303467,0
0.3100000023841858,-1.1128275394439697,0
0.3199999928474426,-1.1128275394439697,0
0.33000001311302185,-1.1128275394439697,0
0.3400000035762787,-1.1128275394439697,0
0.3499999940395355,-1.1128275394439697,0
0.36000001430511475,-1.1263630390167236,0
0.3700000047683716,-1.1263630390167236,0
0.3799999952316284,-1.1331307888031006,0
0.38999998569488525,-1.1331307888031006,0
0.4000000059604645,-1.1398985385894775,0
0.4099999964237213,-1.1398985385894775,0
0.41999998688697815,-1.1331307888031006,0
0.4300000071525574,-1.1398985385894775,0
0.4399999976158142,-1.1398985385894775,4.440892412829259e-18
0.44999998807907104,-1.1398985385894775,0.00020000000949949026
0.46000000834465027,-1.153433918952942,0.0004000000189989805
0.4699999988079071,-1.146666169166565,0.0006000000284984708
0.47999998927116394,-1.153433918952942,0.000800000037997961
0.49000000953674316,-1.153433918952942,0.0010000000474974513
0.5,-1.153433918952942,0.0012000000569969416
0.5099999904632568,-1.1602016687393188,0.0014000000664964318
0.5199999809265137,-1.1669694185256958,0.001600000075995922
0.5299999713897705,-1.1602016687393188,0.0018000000854954123
0.5400000214576721,-1.1737371683120728,0.002199999988079071
0.550000011920929,-1.1737371683120728,0.002400000113993883
0.5600000023841858,-1.1805049180984497,0.0026000000070780516
0.5699999928474426,-1.1805049180984497,0.0028000001329928637
0.5799999833106995,-1.1805049180984497,0.003000000026077032
0.5899999737739563,-1.1805049180984497,0.003200000151991844
0.6000000238418579,-1.1805049180984497,0.003599999938160181
0.6100000143051147,-1.194040298461914,0.003999999724328518
0.6200000047683716,-1.194040298461914,0.004399999976158142
0.6299999952316284,-1.194040298461914,0.004800000227987766
0.6399999856948853,-1.194040298461914,0.004999999888241291
0.6499999761581421,-1.194040298461914,0.005200000014156103
0.6600000262260437,-1.200808048248291,0.005399999674409628
0.6700000166893005,-1.207575798034668,0.005600000265985727
0.6800000071525574,-1.207575798034668,0.005800000391900539
0.6899999976158142,-1.207575798034668,0.006000000052154064
0.699999988079071,-1.214343547821045,0.006199999712407589
0.7099999785423279,-1.2211112976074219,0.006399999372661114
0.7200000286102295,-1.2211112976074219,0.006599999964237213
0.7300000190734863,-1.214343547821045,0.006799999624490738
0.7400000095367432,-1.2211112976074219,0.007200000341981649
0.75,-1.2211112976074219,0.007400000933557749
0.7599999904632568,-1.2278790473937988,0.007600000593811274
0.7699999809265137,-1.2278790473937988,0.007800000719726086
0.7799999713897705,-1.2346467971801758,0.00800000037997961
0.7900000214576721,-1.2346467971801758,0.00800000037997961
0.800000011920929,-1.2346467971801758,0.008200000040233135
0.8100000023841858,-1.2481821775436401,0.00839999970048666
0.8199999928474426,-1.2414145469665527,0.00860000029206276
0.8299999833106995,-1.2414145469665527,0.008799999952316284
0.8399999737739563,-1.2481821775436401,0.009199999272823334
0.8500000238418579,-1.2481821775436401,0.009399999864399433
0.8600000143051147,-1.261717677116394,0.009600000455975533
0.8700000047683716,-1.261717677116394,0.009999999776482582
0.8799999952316284,-1.261717677116394,0.010400000028312206
0.8899999856948853,-1.261717677116394,0.010799999348819256
0.8999999761581421,-1.275253176689148,0.011200000531971455
0.9100000262260437,-1.275253176689148,0.011600000783801079
0.9200000166893005,-1.275253176689148,0.011800000444054604
0.9300000071525574,-1.282020926475525,0.012199999764561653
0.9399999976158142,-1.2887885570526123,0.012399999424815178
0.949999988079071,-1.2887885570526123,0.012800000607967377
0.9599999785423279,-1.2955563068389893,0.013199999928474426
0.9700000286102295,-1.3023240566253662,0.013599999248981476
0.9800000190734863,-1.3023240566253662,0.014000000432133675
0.9900000095367432,-1.3090918064117432,0.014400000683963299
1,-1.3090918064117432,0.014800000004470348
1.0099999904632568,-1.3158595561981201,0.015200001187622547
1.0199999809265137,-1.3293949365615845,0.015600000508129597
1.0299999713897705,-1.3361626863479614,0.01599999889731407
1.0399999618530273,-1.3429304361343384,0.01640000008046627
1.0499999523162842,-1.3429304361343384,0.01679999940097332
1.059999942779541,-1.3496981859207153,0.01720000058412552
1.0700000524520874,-1.3496981859207153,0.01759999990463257
1.0800000429153442,-1.3564659357070923,0.017999999225139618
1.090000033378601,-1.3632336854934692,0.018400000408291817
1.100000023841858,-1.3632336854934692,0.018799999728798866
1.1100000143051147,-1.3700014352798462,0.019200000911951065
1.1200000047683716,-1.3835368156433105,0.019599998369812965
1.1299999952316284,-1.3903045654296875,0.019999999552965164
1.1399999856948853,-1.3970723152160645,0.020600000396370888
1.149999976158142,-1.3970723152160645,0.020999999716877937
1.159999966621399,-1.4106078147888184,0.02160000056028366
1.1699999570846558,-1.4106078147888184,0.022199999541044235
1.1799999475479126,-1.4241431951522827,0.022800002247095108
1.190000057220459,-1.4241431951522827,0.023200001567602158
1.2000000476837158,-1.4376786947250366,0.023799998685717583
1.2100000381469727,-1.4376786947250366,0.024199998006224632
1.2200000286102295,-1.4512141942977905,0.024799998849630356
1.2300000190734863,-1.4512141942977905,0.02540000155568123
1.2400000095367432,-1.4647495746612549,0.026000002399086952
1.25,-1.4715173244476318,0.026599999517202377
1.2599999904632568,-1.4782850742340088,0.02720000222325325
1.2699999809265137,-1.4782850742340088,0.027799999341368675
1.2799999713897705,-1.4850528240203857,0.028200000524520874
1.2899999618530273,-1.4918205738067627,0.02879999950528145
1.2999999523162842,-1.4985883235931396,0.029199998825788498
1.309999942779541,-1.5121238231658936,0.02980000153183937
1.3200000524520874,-1.518891453742981,0.030400002375245094
1.3300000429153442,-1.518891453742981,0.03099999949336052
1.340000033378601,-1.5324269533157349,0.03140000253915787
1.350000023841858,-1.5324269533157349,0.03199999779462814
1.3600000143051147,-1.5324269533157349,0.03240000084042549
1.3700000047683716,-1.5459624528884888,0.03280000016093254
1.3799999952316284,-1.5594978332519531,0.03320000320672989
1.3899999856948853,-1.573033332824707,0.033799998462200165
1.399999976158142,-1.573033332824707,0.03440000116825104
1.409999966621399,-1.573033332824707,0.03500000014901161
1.4199999570846558,-1.586568832397461,0.03539999946951866
1.4299999475479126,-1.5933364629745483,0.035999998450279236
1.440000057220459,-1.6001042127609253,0.036399997770786285
1.4500000476837158,-1.6001042127609253,0.03680000081658363
1.4600000381469727,-1.6001042127609253,0.03720000013709068
1.4700000286102295,-1.6136397123336792,0.037800002843141556
1.4800000190734863,-1.627175211906433,0.038200002163648605
1.4900000095367432,-1.627175211906433,0.03880000114440918
1.5,-1.627175211906433,0.03919999673962593
1.5099999904632568,-1.6407105922698975,0.03959999606013298
1.5199999809265137,-1.6474783420562744,0.03999999910593033
1.5299999713897705,-1.6542460918426514,0.0405999980866909
1.5399999618530273,-1.6542460918426514,0.04100000113248825
1.5499999523162842,-1.6542460918426514,0.04159999638795853
1.559999942779541,-1.6677815914154053,0.0421999990940094
1.5700000524520874,-1.6677815914154053,0.04280000180006027
1.5800000429153442,-1.6813170909881592,0.04320000112056732
1.590000033378601,-1.6880848407745361,0.04360000044107437
1.600000023841858,-1.6880848407745361,0.04399999976158142
1.6100000143051147,-1.7016202211380005,0.044600002467632294
1.6200000047683716,-1.7016202211380005,0.04500000178813934
1.6299999952316284,-1.7151557207107544,0.04540000110864639
1.6399999856948853,-1.7083879709243774,0.046000003814697266
1.649999976158142,-1.7151557207107544,0.04660000279545784
1.659999966621399,-1.7286911010742188,0.04700000211596489
1.6699999570846558,-1.7354588508605957,0.04740000516176224
1.6799999475479126,-1.7354588508605957,0.04800000041723251
1.690000057220459,-1.7422266006469727,0.048399996012449265
1.7000000476837158,-1.7489943504333496,0.04879999905824661
1.7100000381469727,-1.7625298500061035,0.04919999837875366
1.7200000286102295,-1.7625298500061035,0.049800001084804535
1.7300000190734863,-1.769297480583191,0.05040000006556511
1.7400000095367432,-1.7828329801559448,0.050999999046325684
1.75,-1.7896007299423218,0.05139999836683273
1.7599999904632568,-1.7896007299423218,0.05199999734759331
1.7699999809265137,-1.8031362295150757,0.052400000393390656
1.7799999713897705,-1.8031362295150757,0.052799999713897705
1.7899999618530273,-1.8099039793014526,0.05340000241994858
1.7999999523162842,-1.8166717290878296,0.05400000140070915
1.809999942779541,-1.830207109451294,0.05460000038146973
1.8200000524520874,-1.8234394788742065,0.0551999993622303
1.8300000429153442,-1.8437426090240479,0.05559999868273735
1.840000033378601,-1.8437426090240479,0.0560000017285347
1.850000023841858,-1.8437426090240479,0.056599996984004974
1.8600000143051147,-1.8572781085968018,0.05700000002980232
1.8700000047683716,-1.8708134889602661,0.0575999990105629
1.8799999952316284,-1.8708134889602661,0.05820000171661377
1.8899999856948853,-1.8708134889602661,0.058800000697374344
1.899999976158142,-1.891116738319397,0.05920000001788139
1.909999966621399,-1.897884488105774,0.05960000306367874
1.9199999570846558,-1.897884488105774,0.06000000238418579
1.9299999475479126,-1.8978843688964844,0.06039999797940254
1.940000057220459,-1.9046521186828613,0.06079999729990959
1.9500000476837158,-1.9114198684692383,0.06120000034570694
1.9600000381469727,-1.9181876182556152,0.061799995601177216
1.9700000286102295,-1.9249553680419922,0.062199998646974564
1.9800000190734863,-1.938490867614746,0.06280000507831573
1.9900000095367432,-1.9317231178283691,0.06320000439882278
2,-1.938490867614746,0.06360000371932983
2.009999990463257,-1.9520262479782104,0.06400000303983688
2.0199999809265137,-1.9587939977645874,0.06440000236034393
2.0299999713897705,-1.9655617475509644,0.06480000168085098
2.0399999618530273,-1.9655617475509644,0.06519999355077744
2.049999952316284,-1.9790972471237183,0.06579999625682831
2.059999942779541,-1.9790972471237183,0.06640000641345978
2.069999933242798,-1.9790972471237183,0.06700000911951065
2.0799999237060547,-1.9926327466964722,0.0674000009894371
2.0899999141693115,-1.9994003772735596,0.06800000369548798
2.0999999046325684,-1.9994003772735596,0.06840000301599503
2.109999895095825,-1.9994003772735596,0.06880000233650208
2.119999885559082,-2.0197036266326904,0.06919999420642853
2.130000114440918,-2.0264713764190674,0.06980000436306
2.140000104904175,-2.0264713764190674,0.07020000368356705
2.1500000953674316,-2.0332391262054443,0.07079999893903732
2.1600000858306885,-2.0332391262054443,0.07119999825954437
2.1700000762939453,-2.0467746257781982,0.07160000503063202
2.180000066757202,-2.060310125350952,0.07200000435113907
2.190000057220459,-2.060310125350952,0.07239999622106552
2.200000047683716,-2.060310125350952,0.07279999554157257
2.2100000381469727,-2.073845386505127,0.07320000231266022
2.2200000286102295,-2.073845386505127,0.07380000501871109
2.2300000190734863,-2.087380886077881,0.07440000027418137
2.240000009536743,-2.094148635864258,0.07500000298023224
2.25,-2.1009163856506348,0.07540000230073929
2.259999990463257,-2.1144518852233887,0.07599999755620956
2.2699999809265137,-2.1144518852233887,0.07660000026226044
2.2799999713897705,-2.1144518852233887,0.07700000703334808
2.2899999618530273,-2.1279873847961426,0.07760000228881836
2.299999952316284,-2.1279873847961426,0.07840000092983246
2.309999942779541,-2.1415228843688965,0.07899999618530273
2.319999933242798,-2.1550581455230713,0.07959999889135361
2.3299999237060547,-2.168593645095825,0.0804000049829483
2.3399999141693115,-2.175361394882202,0.0812000036239624
2.3499999046325684,-2.175361394882202,0.08179999887943268
2.359999895095825,-2.195664644241333,0.08259999752044678
2.369999885559082,-2.195664644241333,0.08319999277591705
2.380000114440918,-2.209200143814087,0.08380000293254852
2.390000104904175,-2.215967893600464,0.0843999981880188
2.4000000953674316,-2.2295033931732178,0.0851999968290329
2.4100000858306885,-2.2295033931732178,0.0860000029206276
2.4200000762939453,-2.2362711429595947,0.0868000015616417
2.430000066757202,-2.2565741539001465,0.08760000765323639
2.440000057220459,-2.2633419036865234,0.08839999884366989
2.450000047683716,-2.2633419036865234,0.08900000154972076
2.4600000381469727,-2.2768774032592773,0.08960000425577164
2.4700000286102295,-2.2904129028320312,0.09039999544620514
2.4800000190734863,-2.303948402404785,0.09100000560283661
2.490000009536743,-2.303948402404785,0.09160000085830688
2.5,-2.317483901977539,0.09239999949932098
2.509999990463257,-2.324251651763916,0.09319999814033508
2.5199999809265137,-2.324251651763916,0.09379999339580536
2.5299999713897705,-2.3445546627044678,0.09459999948740005
2.5399999618530273,-2.3513224124908447,0.09520000219345093
2.549999952316284,-2.3580901622772217,0.0958000048995018
2.559999942779541,-2.3648579120635986,0.09640000015497208
2.569999933242798,-2.3716256618499756,0.09719999879598618
2.5799999237060547,-2.3851611614227295,0.09780000150203705
2.5899999141693115,-2.3986966609954834,0.09860000014305115
2.5999999046325684,-2.4054644107818604,0.09919999539852142
2.609999895095825,-2.4122321605682373,0.0998000055551529
2.619999885559082,-2.425767421722412,0.10039999336004257
2.630000114440918,-2.425767421722412,0.10119999945163727
2.640000104904175,-2.432535171508789,0.10199999809265137
2.6500000953674316,-2.446070671081543,0.10279999673366547
2.6600000858306885,-2.45283842086792,0.10360000282526016
2.6700000762939453,-2.466373920440674,0.10419999063014984
2.680000066757202,-2.466373920440674,0.10480000078678131
2.690000057220459,-2.4799094200134277,0.10540000349283218
2.700000047683716,-2.4934449195861816,0.10619999468326569
2.7100000381469727,-2.5002126693725586,0.10679999738931656
2.7200000286102295,-2.5205156803131104,0.10759999603033066
2.7300000190734863,-2.5205156803131104,0.10840000212192535
2.740000009536743,-2.5272834300994873,0.10900000482797623
2.75,-2.5340511798858643,0.1096000075340271
2.759999990463257,-2.540818929672241,0.1103999987244606
2.7699999809265137,-2.554354429244995,0.11100000143051147
2.7799999713897705,-2.567889928817749,0.11159999668598175
2.7899999618530273,-2.574657678604126,0.11219999939203262
2.799999952316284,-2.581425428390503,0.1128000020980835
2.809999942779541,-2.58819317817688,0.11339999735355377
2.819999933242798,-2.6017284393310547,0.11400000005960464
2.8299999237060547,-2.6017284393310547,0.11460000276565552
2.8399999141693115,-2.6152639389038086,0.1151999980211258
2.8499999046325684,-2.6287994384765625,0.11580000072717667
2.859999895095825,-2.6423349380493164,0.11640000343322754
2.869999885559082,-2.6423349380493164,0.11719999462366104
2.880000114440918,-2.6558704376220703,0.11800000816583633
2.890000104904175,-2.6558704376220703,0.11879999935626984
2.9000000953674316,-2.669405937194824,0.11959999799728394
2.9100000858306885,-2.682941436767578,0.12020000070333481
2.9200000762939453,-2.696476697921753,0.12079999595880508
2.930000066757202,-2.689708948135376,0.12139999866485596
2.940000057220459,-2.710012197494507,0.12219999730587006
2.950000047683716,-2.7235476970672607,0.12280000746250153
2.9600000381469727,-2.7235476970672607,0.12360000610351562
2.9700000286102295,-2.7438509464263916,0.12439999729394913
2.9800000190734863,-2.7438509464263916,0.12520000338554382
2.990000009536743,-2.7573864459991455,0.1257999837398529
3,-2.7641541957855225,0.1265999972820282
3.009999990463257,-2.784457206726074,0.1274000108242035
3.0199999809265137,-2.791224956512451,0.1282000094652176
3.0299999713897705,-2.804760456085205,0.12880000472068787
3.0399999618530273,-2.804760456085205,0.12959998846054077
3.049999952316284,-2.818295955657959,0.13039998710155487
3.059999942779541,-2.831831455230713,0.13099999725818634
3.069999933242798,-2.845366954803467,0.13159999251365662
3.0799999237060547,-2.845366954803467,0.1324000060558319
3.0899999141693115,-2.8521347045898438,0.133200004696846
3.0999999046325684,-2.8724377155303955,0.1339999884366989
3.109999895095825,-2.8792054653167725,0.1348000019788742
3.119999885559082,-2.8995087146759033,0.1356000006198883
3.130000114440918,-2.9062764644622803,0.1364000141620636
3.140000104904175,-2.9130442142486572,0.13740000128746033
3.1500000953674316,-2.933347463607788,0.13819999992847443
3.1600000858306885,-2.940115213394165,0.13920000195503235
3.1700000762939453,-2.940115213394165,0.14020000398159027
3.180000066757202,-2.9671859741210938,0.1412000060081482
3.190000057220459,-2.9807214736938477,0.1420000046491623
3.200000047683716,-2.9942569732666016,0.1428000032901764
3.2100000381469727,-3.0010247230529785,0.1436000019311905
3.2200000286102295,-3.0077924728393555,0.1444000005722046
3.2300000190734863,-3.0213279724121094,0.1451999992132187
3.240000009536743,-3.0348634719848633,0.1459999978542328
3.25,-3.055166482925415,0.1469999998807907
3.259999990463257,-3.061934232711792,0.14800000190734863
3.2699999809265137,-3.075469732284546,0.14900000393390656
3.2799999713897705,-3.0890052318573,0.15000000596046448
3.2899999618530273,-3.0957729816436768,0.15080000460147858
3.299999952316284,-3.1093084812164307,0.15160000324249268
3.309999942779541,-3.1160762310028076,0.15239998698234558
3.319999933242798,-3.1363792419433594,0.15320000052452087
3.3299999237060547,-3.1499147415161133,0.15399999916553497
3.3399999141693115,-3.1566824913024902,0.1550000011920929
3.3499999046325684,-3.170217990875244,0.15600000321865082
3.359999895095825,-3.183753490447998,0.15699999034404755
3.369999885559082,-3.190521240234375,0.15799999237060547
3.380000114440918,-3.197288990020752,0.15879997611045837
3.390000104904175,-3.210824489593506,0.15959998965263367
3.4000000953674316,-3.2378952503204346,0.16040000319480896
3.4100000858306885,-3.2378952503204346,0.16120000183582306
3.4200000762939453,-3.2446630001068115,0.16199998557567596
3.430000066757202,-3.2649662494659424,0.16279999911785126
3.440000057220459,-3.2717339992523193,0.16359999775886536
3.450000047683716,-3.29203724861145,0.16440001130104065
3.4600000381469727,-3.29203724861145,0.16520000994205475
3.4700000286102295,-3.305572748184204,0.16599999368190765
3.4800000190734863,-3.312340259552002,0.16679999232292175
3.490000009536743,-3.319108009338379,0.16759999096393585
3.5,-3.332643508911133,0.16839998960494995
3.509999990463257,-3.3394112586975098,0.16920000314712524
3.5199999809265137,-3.3529467582702637,0.1698000133037567
3.5299999713897705,-3.3597145080566406,0.17059999704360962
3.5399999618530273,-3.3732500076293945,0.17139999568462372
3.549999952316284,-3.3732500076293945,0.171999990940094
3.559999942779541,-3.3867855072021484,0.17259998619556427
3.569999933242798,-3.4003210067749023,0.17340001463890076
3.5799999237060547,-3.413856267929077,0.17419999837875366
3.5899999141693115,-3.420624017715454,0.17480000853538513
3.5999999046325684,-3.434159517288208,0.17559999227523804
3.609999895095825,-3.440927267074585,0.17639999091625214
3.619999885559082,-3.447695016860962,0.1770000010728836
3.630000114440918,-3.461230516433716,0.17759999632835388
3.640000104904175,-3.4747660160064697,0.17840000987052917
3.6500000953674316,-3.4883012771606445,0.17900000512599945
3.6600000858306885,-3.4950690269470215,0.17960000038146973
3.6700000762939453,-3.4950690269470215,0.18039999902248383
3.680000066757202,-3.5086045265197754,0.18119999766349792
3.690000057220459,-3.5221400260925293,0.18199999630451202
3.700000047683716,-3.5289077758789062,0.18280000984668732
3.7100000381469727,-3.549211025238037,0.18360000848770142
3.7200000286102295,-3.549211025238037,0.18439999222755432
3.7300000190734863,-3.549211025238037,0.18520000576972961
3.740000009536743,-3.576282024383545,0.18599998950958252
3.75,-3.576282024383545,0.18679997324943542
3.759999990463257,-3.5898172855377197,0.18759998679161072
3.7699999809265137,-3.6033527851104736,0.188400000333786
3.7799999713897705,-3.6101205348968506,0.1889999955892563
3.7899999618530273,-3.6168882846832275,0.18959999084472656
3.799999952316284,-3.6236560344696045,0.19020000100135803
3.809999942779541,-3.6304237842559814,0.1907999962568283
3.819999933242798,-3.6439592838287354,0.19119998812675476
3.8299999237060547,-3.6439592838287354,0.19180001318454742
3.8399999141693115,-3.6507270336151123,0.19220001995563507
3.8499999046325684,-3.6507270336151123,0.19280001521110535
3.859999895095825,-3.6574947834014893,0.1932000070810318
3.869999885559082,-3.664262294769287,0.19380000233650208
3.880000114440918,-3.671030044555664,0.19420000910758972
3.890000104904175,-3.684565544128418,0.1947999894618988
3.9000000953674316,-3.684565544128418,0.19519999623298645
3.9100000858306885,-3.691333293914795,0.1955999881029129
3.9200000762939453,-3.698101043701172,0.19599997997283936
3.930000066757202,-3.704868793487549,0.19659999012947083
3.940000057220459,-3.711636543273926,0.19699999690055847
3.950000047683716,-3.711636543273926,0.19740000367164612
3.9600000381469727,-3.7251720428466797,0.1979999989271164
3.9700000286102295,-3.7319397926330566,0.19859999418258667
3.9800000190734863,-3.7319397926330566,0.19900000095367432
3.990000009536743,-3.7387075424194336,0.19939999282360077
4,-3.7522430419921875,0.20000000298023224
4.010000228881836,-3.7454752922058105,0.2003999948501587
4.019999980926514,-3.7590105533599854,0.20080001652240753
4.03000020980835,-3.7657783031463623,0.20120000839233398
4.039999961853027,-3.779313802719116,0.20160000026226044
4.050000190734863,-3.779313802719116,0.2019999921321869
4.059999942779541,-3.779313802719116,0.20239999890327454
4.070000171661377,-3.79284930229187,0.202799990773201
4.079999923706055,-3.79284930229187,0.20320001244544983
4.090000152587891,-3.799617052078247,0.20360000431537628
4.099999904632568,-3.799617052078247,0.2038000077009201
4.110000133514404,-3.806384801864624,0.20419999957084656
4.119999885559082,-3.819920301437378,0.2043999880552292
4.130000114440918,-3.819920301437378,0.20479997992515564
4.139999866485596,-3.826688051223755,0.2051999866962433
4.150000095367432,-3.833455801010132,0.20559999346733093
4.159999847412109,-3.833455801010132,0.20600000023841858
4.170000076293945,-3.840223550796509,0.20640000700950623
4.179999828338623,-3.8469913005828857,0.20680001378059387
4.190000057220459,-3.8469913005828857,0.20720000565052032
4.199999809265137,-3.8469913005828857,0.20759999752044678
4.210000038146973,-3.8605265617370605,0.2078000009059906
4.21999979019165,-3.8605265617370605,0.20820000767707825
4.230000019073486,-3.8605265617370605,0.20840001106262207
4.239999771118164,-3.8740620613098145,0.20880000293254852
4.25,-3.8740620613098145,0.20919999480247498
4.260000228881836,-3.8740620613098145,0.20960000157356262
4.269999980926514,-3.8808298110961914,0.20999999344348907
4.28000020980835,-3.8875975608825684,0.21039998531341553
4.289999961853027,-3.8875975608825684,0.21059998869895935
4.300000190734863,-3.8943653106689453,0.210999995470047
4.309999942779541,-3.907900810241699,0.21140000224113464
4.320000171661377,-3.9011330604553223,0.21159999072551727
4.329999923706055,-3.907900810241699,0.2118000090122223
4.340000152587891,-3.914668560028076,0.21199998259544373
4.349999904632568,-3.92820405960083,0.21199998259544373
4.360000133514404,-3.914668560028076,0.21220000088214874
4.369999885559082,-3.921436309814453,0.21240000426769257
4.380000114440918,-3.921436309814453,0.2125999927520752
4.389999866485596,-3.92820405960083,0.21279999613761902
4.400000095367432,-3.92820405960083,0.21300001442432404
4.409999847412109,-3.92820405960083,0.21300001442432404
4.420000076293945,-3.92820405960083,0.21320000290870667
4.429999828338623,-3.934971570968628,0.2134000062942505
4.440000057220459,-3.941739320755005,0.21359999477863312
4.449999809265137,-3.934971570968628,0.21379999816417694
4.460000038146973,-3.941739320755005,0.21400001645088196
4.46999979019165,-3.955274820327759,0.2141999900341034
4.480000019073486,-3.955274820327759,0.2144000083208084
4.489999771118164,-3.9620425701141357,0.21460001170635223
4.5,-3.9620425701141357,0.2150000035762787
4.510000228881836,-3.9688103199005127,0.21540001034736633
4.519999980926514,-3.9688103199005127,0.21560001373291016
4.53000020980835,-3.9823458194732666,0.2160000056028366
4.539999961853027,-3.9755780696868896,0.21639999747276306
4.550000190734863,-3.9823458194732666,0.2168000042438507
4.559999942779541,-4.002648830413818,0.21719999611377716
4.570000171661377,-4.009416580200195,0.21779999136924744
4.579999923706055,-4.009416580200195,0.2184000015258789
4.590000152587891,-4.016184329986572,0.21900001168251038
4.599999904632568,-4.029719829559326,0.21959999203681946
4.610000133514404,-4.036487579345703,0.22020001709461212
4.619999885559082,-4.036487579345703,0.2208000123500824
4.630000114440918,-4.056790828704834,0.22139999270439148
4.639999866485596,-4.063558578491211,0.22220000624656677
4.650000095367432,-4.077094078063965,0.22279998660087585
4.659999847412109,-4.077094078063965,0.22360000014305115
4.670000076293945,-4.083861827850342,0.22439999878406525
4.679999828338623,-4.097397327423096,0.22519998252391815
4.690000057220459,-4.104165077209473,0.22599999606609344
4.699999809265137,-4.117700576782227,0.22679999470710754
4.710000038146973,-4.1312360763549805,0.22760000824928284
4.71999979019165,-4.1312360763549805,0.22819998860359192
4.730000019073486,-4.144771575927734,0.22880001366138458
4.739999771118164,-4.151539325714111,0.22940000891685486
4.75,-4.165074348449707,0.23000001907348633
4.760000228881836,-4.171842098236084,0.2305999994277954
4.769999980926514,-4.178609848022461,0.23120000958442688
4.78000020980835,-4.192145347595215,0.23180000483989716
4.789999961853027,-4.198913097381592,0.2321999967098236
4.800000190734863,-4.205680847167969,0.2327999770641327
4.809999942779541,-4.212448596954346,0.23319998383522034
4.820000171661377,-4.219216346740723,0.233800008893013
4.829999923706055,-4.2259840965271,0.23420000076293945
4.840000152587891,-4.2395195960998535,0.23480001091957092
4.849999904632568,-4.2395195960998535,0.23520000278949738
4.860000133514404,-4.2462873458862305,0.23559999465942383
4.869999885559082,-4.253055095672607,0.23579999804496765
4.880000114440918,-4.266590595245361,0.2362000048160553
4.889999866485596,-4.266590595245361,0.23640000820159912
4.900000095367432,-4.266590595245361,0.23680000007152557
4.909999847412109,-4.273358345031738,0.23719999194145203
4.920000076293945,-4.286893844604492,0.23760001361370087
4.929999828338623,-4.293661594390869,0.23800000548362732
4.940000057220459,-4.293661594390869,0.23839998245239258
4.949999809265137,-4.293661594390869,0.23880000412464142
4.960000038146973,-4.307197093963623,0.23919999599456787
4.96999979019165,-4.307197093963623,0.23959998786449432
4.980000019073486,-4.320732593536377,0.23980000615119934
4.989999771118164,-4.320732593536377,0.2401999980211258
5,-4.320732593536377,0.24039998650550842
5.010000228881836,-4.327500343322754,0.24059998989105225
5.019999980926514,-4.327500343322754,0.24079999327659607
5.03000020980835,-4.334268093109131,0.2409999817609787
5.039999961853027,-4.334268093109131,0.24120000004768372
5.050000190734863,-4.334268093109131,0.24140000343322754
5.059999942779541,-4.347803115844727,0.24159999191761017
5.070000171661377,-4.347803115844727,0.241799995303154
5.079999923706055,-4.347803115844727,0.242000013589859
5.090000152587891,-4.347803115844727,0.242000013589859
5.099999904632568,-4.3545708656311035,0.242000013589859
5.110000133514404,-4.347803115844727,0.242000013589859
5.119999885559082,-4.3545708656311035,0.242000013589859
5.130000114440918,-4.3545708656311035,0.242000013589859
5.139999866485596,-4.3545708656311035,0.242000013589859
5.150000095367432,-4.3613386154174805,0.242000013589859
5.159999847412109,-4.3613386154174805,0.242000013589859
5.170000076293945,-4.3613386154174805,0.242000013589859
5.179999828338623,-4.3613386154174805,0.242000013589859
5.190000057220459,-4.3613386154174805,0.242000013589859
5.199999809265137,-4.3613386154174805,0.242000013589859
5.210000038146973,-4.368106365203857,0.242000013589859
5.21999979019165,-4.3613386154174805,0.242000013589859
5.230000019073486,-4.368106365203857,0.24219998717308044
5.239999771118164,-4.3613386154174805,0.24240000545978546
5.25,-4.368106365203857,0.24260000884532928
5.260000228881836,-4.374874114990234,0.2428000271320343
5.269999980926514,-4.374874114990234,0.24300000071525574
5.28000020980835,-4.381641864776611,0.24319998919963837
5.289999961853027,-4.388409614562988,0.24340000748634338
5.300000190734863,-4.388409614562988,0.2436000108718872
5.309999942779541,-4.388409614562988,0.24379999935626984
5.320000171661377,-4.388409614562988,0.24400000274181366
5.329999923706055,-4.388409614562988,0.24400000274181366
5.340000152587891,-4.395177364349365,0.2441999912261963
5.349999904632568,-4.401945114135742,0.2443999946117401
5.360000133514404,-4.401945114135742,0.24460001289844513
5.369999885559082,-4.415480613708496,0.24480000138282776
5.380000114440918,-4.408712863922119,0.24500000476837158
5.389999866485596,-4.408712863922119,0.24500000476837158
5.400000095367432,-4.415480613708496,0.24500000476837158
5.409999847412109,-4.415480613708496,0.24500000476837158
5.420000076293945,-4.415480613708496,0.24500000476837158
5.429999828338623,-4.415480613708496,0.24500000476837158
5.440000057220459,-4.415480613708496,0.24500000476837158
5.449999809265137,-4.415480613708496,0.24500000476837158
5.460000038146973,-4.415480613708496,0.24500000476837158
5.46999979019165,-4.415480613708496,0.24500000476837158
5.480000019073486,-4.415480613708496,0.24500000476837158
5.489999771118164,-4.408712863922119,0.24500000476837158
5.5,-4.415480613708496,0.2452000081539154
5.510000228881836,-4.422248363494873,0.24539999663829803
5.519999980926514,-4.42901611328125,0.24560001492500305
5.53000020980835,-4.422248363494873,0.2457999885082245
5.539999961853027,-4.422248363494873,0.2460000067949295
5.550000190734863,-4.42901611328125,0.2460000067949295
5.559999942779541,-4.42901611328125,0.24620001018047333
5.570000171661377,-4.42901611328125,0.24639999866485596
5.579999923706055,-4.435783863067627,0.24660000205039978
5.590000152587891,-4.442551612854004,0.24700000882148743
5.599999904632568,-4.442551612854004,0.24740000069141388
5.610000133514404,-4.442551612854004,0.2476000040769577
5.619999885559082,-4.442551612854004,0.24780002236366272
5.630000114440918,-4.442551612854004,0.24819998443126678
5.639999866485596,-4.449319362640381,0.2484000027179718
5.650000095367432,-4.456087112426758,0.24860000610351562
5.659999847412109,-4.469622611999512,0.24899999797344208
5.670000076293945,-4.462854862213135,0.24939998984336853
5.679999828338623,-4.469622611999512,0.24960000813007355
5.690000057220459,-4.476390361785889,0.25
5.699999809265137,-4.483158111572266,0.25039997696876526
5.710000038146973,-4.476390361785889,0.25060001015663147
5.71999979019165,-4.489925861358643,0.2507999837398529
5.730000019073486,-4.4966936111450195,0.25099998712539673
5.739999771118164,-4.4966936111450195,0.25099998712539673
5.75,-4.4966936111450195,0.25119999051094055
5.760000228881836,-4.4966936111450195,0.2513999938964844
5.769999980926514,-4.4966936111450195,0.2515999674797058
5.78000020980835,-4.4966936111450195,0.251800000667572
5.789999961853027,-4.4966936111450195,0.25200000405311584
5.800000190734863,-4.5034613609313965,0.25200000405311584
5.809999942779541,-4.510229110717773,0.25220000743865967
5.820000171661377,-4.510229110717773,0.2524000108242035
5.829999923706055,-4.516996383666992,0.2526000142097473
5.840000152587891,-4.516996383666992,0.25280001759529114
5.849999904632568,-4.523764133453369,0.2531999945640564
5.860000133514404,-4.523764133453369,0.2533999979496002
5.869999885559082,-4.523764133453369,0.25359997153282166
5.880000114440918,-4.523764133453369,0.25380000472068787
5.889999866485596,-4.537299633026123,0.2540000081062317
5.900000095367432,-4.537299633026123,0.2540000081062317
5.909999847412109,-4.530531883239746,0.2542000114917755
5.920000076293945,-4.537299633026123,0.25439998507499695
5.929999828338623,-4.550835132598877,0.25459998846054077
5.940000057220459,-4.550835132598877,0.254800021648407
5.949999809265137,-4.550835132598877,0.2549999952316284
5.960000038146973,-4.550835132598877,0.25519999861717224
5.96999979019165,-4.550835132598877,0.25540000200271606
5.980000019073486,-4.557602882385254,0.2556000351905823
5.989999771118164,-4.550835132598877,0.2558000385761261
6,-4.557602882385254,0.25600001215934753
6.010000228881836,-4.557602882385254,0.25600001215934753
6.019999980926514,-4.564370632171631,0.25600001215934753
6.03000020980835,-4.564370632171631,0.25600001215934753
6.039999961853027,-4.577906131744385,0.25620001554489136
6.050000190734863,-4.571138381958008,0.2563999891281128
6.059999942779541,-4.577906131744385,0.2565999925136566
6.070000171661377,-4.577906131744385,0.25679999589920044
6.079999923706055,-4.577906131744385,0.25699999928474426
6.090000152587891,-4.577906131744385,0.2572000026702881
6.099999904632568,-4.577906131744385,0.2574000060558319
6.110000133514404,-4.584673881530762,0.25760000944137573
6.119999885559082,-4.591441631317139,0.25780001282691956
6.130000114440918,-4.591441631317139,0.257999986410141
6.139999866485596,-4.591441631317139,0.257999986410141
6.150000095367432,-4.591441631317139,0.257999986410141
6.159999847412109,-4.591441631317139,0.257999986410141
6.170000076293945,-4.591441631317139,0.257999986410141
6.179999828338623,-4.604977130889893,0.2581999897956848
6.190000057220459,-4.604977130889893,0.258400022983551
6.199999809265137,-4.6117448806762695,0.25859999656677246
6.210000038146973,-4.604977130889893,0.2587999701499939
6.21999979019165,-4.6185126304626465,0.25920000672340393
6.230000019073486,-4.6117448806762695,0.25939998030662537
6.239999771118164,-4.604977130889893,0.2595999836921692
6.25,-4.6185126304626465,0.2598000168800354
6.260000228881836,-4.6320481300354,0.25999999046325684
6.269999980926514,-4.625280380249023,0.26019999384880066
6.28000020980835,-4.6320481300354,0.2603999972343445
6.289999961853027,-4.6320481300354,0.2606000304222107
6.300000190734863,-4.638815879821777,0.26100000739097595
6.309999942779541,-4.645583629608154,0.2613999843597412
6.320000171661377,-4.638815879821777,0.26159998774528503
6.329999923706055,-4.652351379394531,0.26179999113082886
6.340000152587891,-4.652351379394531,0.2621999979019165
6.349999904632568,-4.652351379394531,0.2624000012874603
6.360000133514404,-4.665886878967285,0.26260000467300415
6.369999885559082,-4.665886878967285,0.262800008058548
6.380000114440918,-4.665886878967285,0.26319998502731323
6.389999866485596,-4.672654628753662,0.26339998841285706
6.400000095367432,-4.672654628753662,0.26360002160072327
6.409999847412109,-4.665886878967285,0.2637999951839447
6.420000076293945,-4.672654628753662,0.2639999985694885
6.429999828338623,-4.672654628753662,0.2639999985694885
6.440000057220459,-4.672654628753662,0.2639999985694885
6.449999809265137,-4.672654628753662,0.2639999985694885
6.460000038146973,-4.672654628753662,0.2639999985694885
6.46999979019165,-4.679422378540039,0.2639999985694885
6.480000019073486,-4.672654628753662,0.2639999985694885
6.489999771118164,-4.686190128326416,0.2639999985694885
6.5,-4.679422378540039,0.2639999985694885
6.510000228881836,-4.679422378540039,0.2639999985694885
6.519999980926514,-4.679422378540039,0.2639999985694885
6.53000020980835,-4.686190128326416,0.2639999985694885
6.539999961853027,-4.679422378540039,0.2639999985694885
6.550000190734863,-4.686190128326416,0.2639999985694885
6.559999942779541,-4.686190128326416,0.2639999985694885
6.570000171661377,-4.686190128326416,0.2639999985694885
6.579999923706055,-4.686190128326416,0.26420000195503235
6.590000152587891,-4.692957401275635,0.2643999755382538
6.599999904632568,-4.699725151062012,0.2648000121116638
6.610000133514404,-4.706492900848389,0.2651999890804291
6.619999885559082,-4.713260650634766,0.2656000256538391
6.630000114440918,-4.706492900848389,0.26600000262260437
6.639999866485596,-4.713260650634766,0.26659998297691345
6.650000095367432,-4.720028400421143,0.2670000195503235
6.659999847412109,-4.713260650634766,0.26739999651908875
6.670000076293945,-4.7267961502075195,0.2678000032901764
6.679999828338623,-4.7335638999938965,0.2680000066757202
6.690000057220459,-4.740331649780273,0.26820001006126404
6.699999809265137,-4.740331649780273,0.26840001344680786
6.710000038146973,-4.740331649780273,0.2685999870300293
6.71999979019165,-4.740331649780273,0.2688000202178955
6.730000019073486,-4.74709939956665,0.26899999380111694
6.739999771118164,-4.74709939956665,0.26899999380111694
6.75,-4.760634899139404,0.26899999380111694
6.760000228881836,-4.753867149353027,0.26899999380111694
6.769999980926514,-4.74709939956665,0.26899999380111694
6.78000020980835,-4.760634899139404,0.26899999380111694
6.789999961853027,-4.760634899139404,0.26899999380111694
6.800000190734863,-4.767402648925781,0.26899999380111694
6.809999942779541,-4.767402648925781,0.26899999380111694
6.820000171661377,-4.760634899139404,0.26899999380111694
6.829999923706055,-4.767402648925781,0.26899999380111694
6.840000152587891,-4.760634899139404,0.26899999380111694
6.849999904632568,-4.753867149353027,0.26899999380111694
6.860000133514404,-4.760634899139404,0.26899999380111694
6.869999885559082,-4.767402648925781,0.26919999718666077
6.880000114440918,-4.767402648925781,0.2694000005722046
6.889999866485596,-4.767402648925781,0.269599974155426
6.900000095367432,-4.767402648925781,0.26980000734329224
6.909999847412109,-4.774170398712158,0.27000001072883606
6.920000076293945,-4.774170398712158,0.2702000141143799
6.929999828338623,-4.780938148498535,0.2704000174999237
6.940000057220459,-4.780938148498535,0.27080002427101135
6.949999809265137,-4.780938148498535,0.271200031042099
6.960000038146973,-4.794473648071289,0.27160000801086426
6.96999979019165,-4.794473648071289,0.2717999815940857
6.980000019073486,-4.801241397857666,0.2722000181674957
6.989999771118164,-4.794473648071289,0.27239999175071716
7,-4.808009147644043,0.272599995136261
7.010000228881836,-4.801241397857666,0.2728000283241272
7.019999980926514,-4.808009147644043,0.27300000190734863
7.03000020980835,-4.875686168670654,0.27300000190734863
7.039999961853027,-4.828312397003174,0.27300000190734863
7.050000190734863,-4.821544647216797,0.27300000190734863
7.059999942779541,-4.841847896575928,0.27300000190734863
7.070000171661377,-4.835080146789551,0.27300000190734863
7.079999923706055,-4.828312397003174,0.27300000190734863
7.090000152587891,-4.835080146789551,0.27300000190734863
7.099999904632568,-4.828312397003174,0.27300000190734863
7.110000133514404,-4.835080146789551,0.27300000190734863
7.119999885559082,-4.81477689743042,0.27300000190734863
7.130000114440918,-4.828312397003174,0.27300000190734863
7.139999866485596,-4.841847896575928,0.27300000190734863
7.150000095367432,-4.821544647216797,0.27300000190734863
7.159999847412109,-4.835080146789551,0.27300000190734863
7.170000076293945,-4.828312397003174,0.27300000190734863
7.179999828338623,-4.828312397003174,0.27300000190734863
7.190000057220459,-4.821544647216797,0.27300000190734863
7.199999809265137,-4.821544647216797,0.27300000190734863
7.210000038146973,-4.841847896575928,0.27300000190734863
7.21999979019165,-4.81477689743042,0.27300000190734863
7.230000019073486,-4.828312397003174,0.27300000190734863
7.239999771118164,-4.835080146789551,0.27300000190734863
7.25,-4.835080146789551,0.27300000190734863
7.260000228881836,-4.821544647216797,0.27300000190734863
7.269999980926514,-4.81477689743042,0.27300000190734863
7.28000020980835,-4.828312397003174,0.27300000190734863
7.289999961853027,-4.81477689743042,0.27300000190734863
7.300000190734863,-4.828312397003174,0.27300000190734863
7.309999942779541,-4.828312397003174,0.27300000190734863
7.320000171661377,-4.821544647216797,0.27300000190734863
7.329999923706055,-4.821544647216797,0.27300000190734863
7.340000152587891,-4.81477689743042,0.27300000190734863
7.349999904632568,-4.821544647216797,0.27300000190734863
7.360000133514404,-4.808009147644043,0.27300000190734863
7.369999885559082,-4.81477689743042,0.27300000190734863
7.380000114440918,-4.81477689743042,0.27300000190734863
7.389999866485596,-4.81477689743042,0.27300000190734863
7.400000095367432,-4.808009147644043,0.27300000190734863
7.409999847412109,-4.801241397857666,0.2728000283241272
7.420000076293945,-4.801241397857666,0.2726000249385834
7.429999828338623,-4.801241397857666,0.27239999175071716
7.440000057220459,-4.794473648071289,0.2722000181674957
7.449999809265137,-4.801241397857666,0.2718000113964081
7.460000038146973,-4.801241397857666,0.27160000801086426
7.46999979019165,-4.794473648071289,0.2714000344276428
7.480000019073486,-4.794473648071289,0.2712000012397766
7.489999771118164,-4.787705898284912,0.27079999446868896
7.5,-4.787705898284912,0.27059999108314514
7.510000228881836,-4.780938148498535,0.2702000141143799
7.519999980926514,-4.780938148498535,0.26980000734329224
7.53000020980835,-4.774170398712158,0.269400030374527
7.539999961853027,-4.767402648925781,0.26919999718666077
7.550000190734863,-4.767402648925781,0.2687999904155731
7.559999942779541,-4.760634899139404,0.2686000168323517
7.570000171661377,-4.753867149353027,0.26840001344680786
7.579999923706055,-4.753867149353027,0.2679999768733978
7.590000152587891,-4.753867149353027,0.26759999990463257
7.599999904632568,-4.74709939956665,0.2671999931335449
7.610000133514404,-4.7335638999938965,0.2667999863624573
7.619999885559082,-4.7267961502075195,0.2662000060081482
7.630000114440918,-4.7267961502075195,0.26579999923706055
7.639999866485596,-4.7335638999938965,0.2653999924659729
7.650000095367432,-4.713260650634766,0.2651999890804291
7.659999847412109,-4.713260650634766,0.26479998230934143
7.670000076293945,-4.713260650634766,0.26440000534057617
7.679999828338623,-4.692957401275635,0.2639999985694885
7.690000057220459,-4.686190128326416,0.26340001821517944
7.699999809265137,-4.686190128326416,0.26260000467300415
7.710000038146973,-4.672654628753662,0.26200002431869507
7.71999979019165,-4.665886878967285,0.2614000141620636
7.730000019073486,-4.652351379394531,0.2606000006198883
7.739999771118164,-4.652351379394531,0.25999999046325684
7.75,-4.638815879821777,0.25940001010894775
7.760000228881836,-4.638815879821777,0.25859999656677246
7.769999980926514,-4.625280380249023,0.257999986410141
7.78000020980835,-4.6185126304626465,0.2573999762535095
7.789999961853027,-4.604977130889893,0.2565999925136566
7.800000190734863,-4.591441631317139,0.2558000087738037
7.809999942779541,-4.584673881530762,0.2550000250339508
7.820000171661377,-4.577906131744385,0.2542000114917755
7.829999923706055,-4.571138381958008,0.2533999979496002
7.840000152587891,-4.564370632171631,0.25279998779296875
7.849999904632568,-4.5440673828125,0.2521999776363373
7.860000133514404,-4.5440673828125,0.2515999674797058
7.869999885559082,-4.530531883239746,0.2507999837398529
7.880000114440918,-4.516996383666992,0.25019997358322144
7.889999866485596,-4.510229110717773,0.24939998984336853
7.900000095367432,-4.5034613609313965,0.24860000610351562
7.909999847412109,-4.483158111572266,0.24799999594688416
7.920000076293945,-4.476390361785889,0.24740000069141388
7.929999828338623,-4.469622611999512,0.24660000205039978
7.940000057220459,-4.469622611999512,0.2460000067949295
7.949999809265137,-4.449319362640381,0.24539999663829803
7.960000038146973,-4.435783863067627,0.24480000138282776
7.96999979019165,-4.435783863067627,0.24420002102851868
7.980000019073486,-4.42901611328125,0.2436000108718872
7.989999771118164,-4.415480613708496,0.24279999732971191
8,-4.401945114135742,0.24219998717308044
8.010000228881836,-4.408712863922119,0.24140000343322754
8.020000457763672,-4.401945114135742,0.24079999327659607
8.029999732971191,-4.381641864776611,0.2401999980211258
8.039999961853027,-4.374874114990234,0.2396000176668167
8.050000190734863,-4.368106365203857,0.23880000412464142
8.0600004196167,-4.368106365203857,0.23819999396800995
8.069999694824219,-4.3545708656311035,0.23740001022815704
8.079999923706055,-4.347803115844727,0.23680000007152557
8.09000015258789,-4.334268093109131,0.2362000048160553
8.100000381469727,-4.327500343322754,0.23559999465942383
8.109999656677246,-4.320732593536377,0.23480001091957092
8.119999885559082,-4.31396484375,0.23420000076293945
8.130000114440918,-4.307197093963623,0.23359999060630798
8.140000343322754,-4.293661594390869,0.2329999953508377
8.149999618530273,-4.280126094818115,0.23239998519420624
8.15999984741211,-4.273358345031738,0.23199999332427979
8.170000076293945,-4.266590595245361,0.23139998316764832
8.180000305175781,-4.266590595245361,0.2305999994277954
8.1899995803833,-4.259822845458984,0.22999998927116394
8.199999809265137,-4.2462873458862305,0.2295999974012375
8.210000038146973,-4.2395195960998535,0.2290000021457672
8.220000267028809,-4.232751846313477,0.22859999537467957
8.229999542236328,-4.2259840965271,0.2282000035047531
8.239999771118164,-4.212448596954346,0.22779998183250427
8.25,-4.219216346740723,0.227199986577034
8.260000228881836,-4.205680847167969,0.22679999470710754
8.270000457763672,-4.205680847167969,0.22620001435279846
8.279999732971191,-4.198913097381592,0.22580000758171082
8.289999961853027,-4.198913097381592,0.22540000081062317
8.300000190734863,-4.198913097381592,0.22520001232624054
8.3100004196167,-4.198913097381592,0.22499999403953552
8.319999694824219,-4.192145347595215,0.22499999403953552
8.329999923706055,-4.185377597808838,0.22499999403953552
8.34000015258789,-4.185377597808838,0.22499999403953552
8.350000381469727,-4.185377597808838,0.22499999403953552
8.359999656677246,-4.192145347595215,0.2247999906539917
8.369999885559082,-4.178609848022461,0.22459998726844788
8.380000114440918,-4.178609848022461,0.22439999878406525
8.390000343322754,-4.178609848022461,0.22419998049736023
8.399999618530273,-4.171842098236084,0.2240000069141388
8.40999984741211,-4.171842098236084,0.2240000069141388
8.420000076293945,-4.171842098236084,0.2240000069141388
8.430000305175781,-4.171842098236084,0.2240000069141388
8.4399995803833,-4.171842098236084,0.2240000069141388
8.449999809265137,-4.171842098236084,0.2240000069141388
8.460000038146973,-4.158307075500488,0.2240000069141388
8.470000267028809,-4.165074348449707,0.2240000069141388
8.479999542236328,-4.165074348449707,0.22380001842975616
8.489999771118164,-4.158307075500488,0.22360000014305115
8.5,-4.158307075500488,0.22339999675750732
8.510000228881836,-4.158307075500488,0.22300000488758087
8.520000457763672,-4.151539325714111,0.22260001301765442
8.529999732971191,-4.144771575927734,0.22219999134540558
8.539999961853027,-4.144771575927734,0.22179999947547913
8.550000190734863,-4.1312360763549805,0.22139999270439148
8.5600004196167,-4.1312360763549805,0.22100000083446503
8.569999694824219,-4.1244683265686035,0.22060000896453857
8.579999923706055,-4.117700576782227,0.22019998729228973
8.59000015258789,-4.11093282699585,0.21979999542236328
8.600000381469727,-4.104165077209473,0.2191999852657318
8.609999656677246,-4.097397327423096,0.21859999001026154
8.619999885559082,-4.090629577636719,0.21800000965595245
8.630000114440918,-4.083861827850342,0.2175999879837036
8.640000343322754,-4.077094078063965,0.21700000762939453
8.649999618530273,-4.077094078063965,0.21639999747276306
8.65999984741211,-4.063558578491211,0.2160000056028366
8.670000076293945,-4.056790828704834,0.21540001034736633
8.680000305175781,-4.056790828704834,0.21480000019073486
8.6899995803833,-4.04325532913208,0.2141999900341034
8.699999809265137,-4.029719829559326,0.21379999816417694
8.710000038146973,-4.036487579345703,0.21320000290870667
8.720000267028809,-4.022952079772949,0.21279999613761902
8.729999542236328,-4.009416580200195,0.21220000088214874
8.739999771118164,-4.002648830413818,0.21160002052783966
8.75,-4.002648830413818,0.210999995470047
8.760000228881836,-3.9958813190460205,0.21039998531341553
8.770000457763672,-3.9891135692596436,0.20980000495910645
8.779999732971191,-3.9823458194732666,0.20940001308918
8.789999961853027,-3.9755780696868896,0.20900002121925354
8.800000190734863,-3.9688103199005127,0.2085999995470047
8.8100004196167,-3.9688103199005127,0.20820000767707825
8.819999694824219,-3.9688103199005127,0.2078000009059906
8.829999923706055,-3.955274820327759,0.20720000565052032
8.84000015258789,-3.948507070541382,0.20680001378059387
8.850000381469727,-3.941739320755005,0.2062000036239624
8.859999656677246,-3.92820405960083,0.20579998195171356
8.869999885559082,-3.92820405960083,0.2053999900817871
8.880000114440918,-3.921436309814453,0.20499999821186066
8.890000343322754,-3.914668560028076,0.2043999880552292
8.899999618530273,-3.9011330604553223,0.20399999618530273
8.90999984741211,-3.9011330604553223,0.20339998602867126
8.920000076293945,-3.8875975608825684,0.20260000228881836
8.930000305175781,-3.8943653106689453,0.2019999921321869
8.9399995803833,-3.8808298110961914,0.20160000026226044
8.949999809265137,-3.8740620613098145,0.20100000500679016
8.960000038146973,-3.8672943115234375,0.20040002465248108
8.970000267028809,-3.8537588119506836,0.20000000298023224
8.979999542236328,-3.8469913005828857,0.19940000772476196
8.989999771118164,-3.8469913005828857,0.1987999975681305
9,-3.840223550796509,0.1982000172138214
9.010000228881836,-3.819920301437378,0.19780001044273376
9.020000457763672,-3.819920301437378,0.1971999853849411
9.029999732971191,-3.819920301437378,0.19679999351501465
9.039999961853027,-3.813152551651001,0.19619998335838318
9.050000190734863,-3.79284930229187,0.1956000030040741
9.0600004196167,-3.799617052078247,0.19500000774860382
9.069999694824219,-3.79284930229187,0.19439999759197235
9.079999923706055,-3.779313802719116,0.19380000233650208
9.09000015258789,-3.779313802719116,0.193200021982193
9.100000381469727,-3.7657783031463623,0.19280001521110535
9.109999656677246,-3.7522430419921875,0.19219999015331268
9.119999885559082,-3.7454752922058105,0.19179999828338623
9.130000114440918,-3.7522430419921875,0.19119998812675476
9.140000343322754,-3.7387075424194336,0.19060000777244568
9.149999618530273,-3.7251720428466797,0.1900000125169754
9.15999984741211,-3.7251720428466797,0.18960000574588776
9.170000076293945,-3.7184042930603027,0.18900001049041748
9.180000305175781,-3.7184042930603027,0.18859998881816864
9.1899995803833,-3.698101043701172,0.1881999969482422
9.199999809265137,-3.698101043701172,0.18759998679161072
9.210000038146973,-3.691333293914795,0.18699999153614044
9.220000267028809,-3.677797794342041,0.18639999628067017
9.229999542236328,-3.671030044555664,0.1858000010251999
9.239999771118164,-3.677797794342041,0.18520000576972961
9.25,-3.6574947834014893,0.18479999899864197
9.260000228881836,-3.6439592838287354,0.1842000037431717
9.270000457763672,-3.6507270336151123,0.18360000848770142
9.279999732971191,-3.6304237842559814,0.18299999833106995
9.289999961853027,-3.6304237842559814,0.18239998817443848
9.300000190734863,-3.6168882846832275,0.1817999929189682
9.3100004196167,-3.6236560344696045,0.18119999766349792
9.319999694824219,-3.6033527851104736,0.18079999089241028
9.329999923706055,-3.6033527851104736,0.1802000105381012
9.34000015258789,-3.6033527851104736,0.17980000376701355
9.350000381469727,-3.5898172855377197,0.17920000851154327
9.359999656677246,-3.5830495357513428,0.17880001664161682
9.369999885559082,-3.576282024383545,0.17819999158382416
9.380000114440918,-3.576282024383545,0.1777999848127365
9.390000343322754,-3.569514274597168,0.17739999294281006
9.399999618530273,-3.562746524810791,0.1770000010728836
9.40999984741211,-3.555978775024414,0.17660000920295715
9.420000076293945,-3.549211025238037,0.1762000024318695
9.430000305175781,-3.549211025238037,0.17579999566078186
9.4399995803833,-3.535675525665283,0.17520001530647278
9.449999809265137,-3.535675525665283,0.17480000853538513
9.460000038146973,-3.5221400260925293,0.17419998347759247
9.470000267028809,-3.5153722763061523,0.17379999160766602
9.479999542236328,-3.5221400260925293,0.17339998483657837
9.489999771118164,-3.5153722763061523,0.17319998145103455
9.5,-3.5086045265197754,0.1727999895811081
9.510000228881836,-3.5086045265197754,0.17260000109672546
9.520000457763672,-3.4950690269470215,0.17219999432563782
9.529999732971191,-3.4883012771606445,0.17180000245571136
9.539999961853027,-3.4815337657928467,0.17139999568462372
9.550000190734863,-3.4815337657928467,0.17100000381469727
9.5600004196167,-3.4679982662200928,0.1703999936580658
9.569999694824219,-3.461230516433716,0.17000000178813934
9.579999923706055,-3.4679982662200928,0.1696000099182129
9.59000015258789,-3.447695016860962,0.16899999976158142
9.600000381469727,-3.454462766647339,0.16859999299049377
9.609999656677246,-3.440927267074585,0.16819998621940613
9.619999885559082,-3.434159517288208,0.16760000586509705
9.630000114440918,-3.427391767501831,0.16700001060962677
9.640000343322754,-3.413856267929077,0.1664000004529953
9.649999618530273,-3.413856267929077,0.16580000519752502
9.65999984741211,-3.4070885181427,0.16519999504089355
9.670000076293945,-3.3867855072021484,0.1648000031709671
9.680000305175781,-3.3867855072021484,0.16419999301433563
9.6899995803833,-3.3867855072021484,0.16359999775886536
9.699999809265137,-3.3732500076293945,0.16279999911785126
9.710000038146973,-3.3597145080566406,0.16220000386238098
9.720000267028809,-3.3597145080566406,0.1616000086069107
9.729999542236328,-3.3597145080566406,0.16100001335144043
9.739999771118164,-3.3394112586975098,0.16040000319480896
9.75,-3.332643508911133,0.1597999930381775
9.760000228881836,-3.3394112586975098,0.15919998288154602
9.770000457763672,-3.319108009338379,0.15839999914169312
9.779999732971191,-3.298804998397827,0.15780000388622284
9.789999961853027,-3.305572748184204,0.15720000863075256
9.800000190734863,-3.298804998397827,0.1565999984741211
9.8100004196167,-3.2852694988250732,0.15599998831748962
9.819999694824219,-3.2785017490386963,0.15540000796318054
9.829999923706055,-3.2785017490386963,0.15459999442100525
9.84000015258789,-3.2649662494659424,0.15399999916553497
9.850000381469727,-3.2581984996795654,0.15360000729560852
9.859999656677246,-3.2514307498931885,0.15299999713897705
9.869999885559082,-3.2446630001068115,0.15239998698234558
9.880000114440918,-3.2311275005340576,0.15199999511241913
9.890000343322754,-3.2243597507476807,0.15139999985694885
9.899999618530273,-3.2243597507476807,0.15079998970031738
9.90999984741211,-3.204056739807129,0.1501999944448471
9.920000076293945,-3.197288990020752,0.14980000257492065
9.930000305175781,-3.197288990020752,0.149399995803833
9.9399995803833,-3.197288990020752,0.14900000393390656
9.949999809265137,-3.183753490447998,0.14840000867843628
9.960000038146973,-3.176985740661621,0.14800000190734863
9.970000267028809,-3.170217990875244,0.14760001003742218
9.979999542236328,-3.170217990875244,0.1469999998807907
9.989999771118164,-3.1566824913024902,0.14660000801086426
10,-3.1566824913024902,0.14619998633861542
10.010000228881836,-3.1499147415161133,0.14579999446868896
10.020000457763672,-3.1431469917297363,0.14539998769760132
10.029999732971191,-3.1431469917297363,0.1451999843120575
10.039999961853027,-3.1431469917297363,0.14479999244213104
10.050000190734863,-3.1296117305755615,0.1446000039577484
10.0600004196167,-3.1296117305755615,0.1443999856710434
10.069999694824219,-3.1228439807891846,0.14399999380111694
10.079999923706055,-3.1296117305755615,0.1436000019311905
10.09000015258789,-3.1160762310028076,0.14339999854564667
10.100000381469727,-3.1093084812164307,0.14300000667572021
10.109999656677246,-3.1025407314300537,0.14260001480579376
10.119999885559082,-3.1025407314300537,0.1422000229358673
10.130000114440918,-3.0890052318573,0.14180001616477966
10.140000343322754,-3.0890052318573,0.14140000939369202
10.149999618530273,-3.0890052318573,0.141199991106987
10.15999984741211,-3.075469732284546,0.14079999923706055
10.170000076293945,-3.075469732284546,0.14059999585151672
10.180000305175781,-3.068701982498169,0.14019998908042908
10.1899995803833,-3.061934232711792,0.13979999721050262
10.199999809265137,-3.061934232711792,0.13920000195503235
10.210000038146973,-3.061934232711792,0.1387999951839447
10.220000267028809,-3.055166482925415,0.13819999992847443
10.229999542236328,-3.048398733139038,0.13780000805854797
10.239999771118164,-3.0348634719848633,0.13739998638629913
10.25,-3.041630983352661,0.1371999979019165
10.260000228881836,-3.0348634719848633,0.13680000603199005
10.270000457763672,-3.0213279724121094,0.13659998774528503
10.279999732971191,-3.0213279724121094,0.13619999587535858
10.289999961853027,-3.0213279724121094,0.13580000400543213
10.300000190734863,-3.0010247230529785,0.13539999723434448
10.3100004196167,-3.0077924728393555,0.13500000536441803
10.319999694824219,-3.0077924728393555,0.13460001349449158
10.329999923706055,-3.0077924728393555,0.13420000672340393
10.34000015258789,-2.9807214736938477,0.13379999995231628
10.350000381469727,-2.9807214736938477,0.13340000808238983
10.359999656677246,-2.9807214736938477,0.13300001621246338
10.369999885559082,-2.9739537239074707,0.13259999454021454
10.380000114440918,-2.9671859741210938,0.1321999877691269
10.390000343322754,-2.9671859741210938,0.13179999589920044
10.399999618530273,-2.953650712966919,0.13119998574256897
10.40999984741211,-2.946882963180542,0.13079999387264252
10.420000076293945,-2.940115213394165,0.13019999861717224
10.430000305175781,-2.940115213394165,0.1297999918460846
10.4399995803833,-2.926579713821411,0.12939999997615814
10.449999809265137,-2.919811964035034,0.1290000081062317
10.460000038146973,-2.926579713821411,0.12860000133514404
10.470000267028809,-2.9130442142486572,0.1282000094652176
10.479999542236328,-2.8995087146759033,0.12779998779296875
10.489999771118164,-2.9062764644622803,0.12719999253749847
10.5,-2.8995087146759033,0.12680000066757202
10.510000228881836,-2.8859732151031494,0.12619999051094055
10.520000457763672,-2.8859732151031494,0.1257999986410141
10.529999732971191,-2.8859732151031494,0.12539999186992645
10.539999961853027,-2.8724377155303955,0.125
10.550000190734863,-2.8656699657440186,0.12460000813007355
10.5600004196167,-2.8656699657440186,0.1242000088095665
10.569999694824219,-2.8589024543762207,0.12380000203847885
10.579999923706055,-2.845366954803467,0.12319999933242798
10.59000015258789,-2.83859920501709,0.1226000040769577
10.600000381469727,-2.845366954803467,0.12200000137090683
10.609999656677246,-2.831831455230713,0.12159999459981918
10.619999885559082,-2.818295955657959,0.12099999189376831
10.630000114440918,-2.818295955657959,0.12060000002384186
10.640000343322754,-2.811528205871582,0.12020000070333481
10.649999618530273,-2.804760456085205,0.11980000883340836
10.65999984741211,-2.804760456085205,0.11940000206232071
10.670000076293945,-2.797992706298828,0.11900000274181366
10.680000305175781,-2.791224956512451,0.11859999597072601
10.6899995803833,-2.791224956512451,0.11820000410079956
10.699999809265137,-2.7776894569396973,0.11779999732971191
10.710000038146973,-2.784457206726074,0.11739999055862427
10.720000267028809,-2.7709217071533203,0.11719999462366104
10.729999542236328,-2.7641541957855225,0.11679999530315399
10.739999771118164,-2.7573864459991455,0.11659999936819077
10.75,-2.7506186962127686,0.11619999259710312
10.760000228881836,-2.7506186962127686,0.11580000072717667
10.770000457763672,-2.7438509464263916,0.11540000140666962
10.779999732971191,-2.7506186962127686,0.11500000953674316
10.789999961853027,-2.7370831966400146,0.11460000276565552
10.800000190734863,-2.7370831966400146,0.11440000683069229
10.8100004196167,-2.7303154468536377,0.11400000005960464
10.819999694824219,-2.7235476970672607,0.1136000007390976
10.829999923706055,-2.7235476970672607,0.11339999735355377
10.84000015258789,-2.7235476970672607,0.11319999396800995
10.850000381469727,-2.7235476970672607,0.11299999803304672
10.859999656677246,-2.7235476970672607,0.11299999803304672
10.869999885559082,-2.710012197494507,0.1128000020980835
10.880000114440918,-2.710012197494507,0.11259999126195908
10.890000343322754,-2.710012197494507,0.11239999532699585
10.899999618530273,-2.70324444770813,0.1120000034570694
10.90999984741211,-2.70324444770813,0.11160000413656235
10.920000076293945,-2.696476697921753,0.11140000820159912
10.930000305175781,-2.682941436767578,0.11100000143051147
10.9399995803833,-2.682941436767578,0.11060000956058502
10.949999809265137,-2.682941436767578,0.1104000061750412
10.960000038146973,-2.676173686981201,0.10999999195337296
10.970000267028809,-2.669405937194824,0.1095999926328659
10.979999542236328,-2.669405937194824,0.10939999669790268
10.989999771118164,-2.6626381874084473,0.10920000076293945
11,-2.6558704376220703,0.1087999939918518
11.010000228881836,-2.6558704376220703,0.10859999805688858
11.020000457763672,-2.6558704376220703,0.10840000212192535
11.029999732971191,-2.6423349380493164,0.1080000028014183
11.039999961853027,-2.6355671882629395,0.10759999603033066
11.050000190734863,-2.6355671882629395,0.1072000041604042
11.0600004196167,-2.6355671882629395,0.10679999738931656
11.069999694824219,-2.6287994384765625,0.10620000213384628
11.079999923706055,-2.6220316886901855,0.10579999536275864
11.09000015258789,-2.6287994384765625,0.10540000349283218
11.100000381469727,-2.6017284393310547,0.10499999672174454
11.109999656677246,-2.6017284393310547,0.10459999740123749
11.119999885559082,-2.5949606895446777,0.10420000553131104
11.130000114440918,-2.58819317817688,0.10379999876022339
11.140000343322754,-2.58819317817688,0.10319999605417252
11.149999618530273,-2.574657678604126,0.10279999673366547
11.15999984741211,-2.574657678604126,0.1021999940276146
11.170000076293945,-2.567889928817749,0.10180000215768814
11.180000305175781,-2.561122179031372,0.10140000283718109
11.1899995803833,-2.547586679458618,0.10120000690221786
11.199999809265137,-2.554354429244995,0.10080000013113022
11.210000038146973,-2.547586679458618,0.10060000419616699
11.220000267028809,-2.547586679458618,0.10019999742507935
11.229999542236328,-2.540818929672241,0.0998000055551529
11.239999771118164,-2.5340511798858643,0.09919999539852142
11.25,-2.5205156803131104,0.09879999607801437
11.260000228881836,-2.5272834300994873,0.0982000008225441
11.270000457763672,-2.5205156803131104,0.09780000150203705
11.279999732971191,-2.5137479305267334,0.0973999947309494
11.289999961853027,-2.5069804191589355,0.09719999879598618
11.300000190734863,-2.5002126693725586,0.09680000692605972
11.3100004196167,-2.4934449195861816,0.0966000109910965
11.319999694824219,-2.4866771697998047,0.09620000422000885
11.329999923706055,-2.4799094200134277,0.0957999974489212
11.34000015258789,-2.473141670227051,0.09520000219345093
11.350000381469727,-2.473141670227051,0.09479999542236328
11.359999656677246,-2.466373920440674,0.09419999271631241
11.369999885559082,-2.459606170654297,0.09379999339580536
11.380000114440918,-2.45283842086792,0.09339999407529831
11.390000343322754,-2.446070671081543,0.09300000220537186
11.399999618530273,-2.439302921295166,0.09260000288486481
11.40999984741211,-2.439302921295166,0.09219999611377716
11.420000076293945,-2.432535171508789,0.09179999679327011
11.430000305175781,-2.418999671936035,0.09120000153779984
11.4399995803833,-2.4122321605682373,0.09080000221729279
11.449999809265137,-2.4122321605682373,0.09020000696182251
11.460000038146973,-2.4054644107818604,0.08980000019073486
11.470000267028809,-2.3986966609954834,0.08939999341964722
11.479999542236328,-2.3919289112091064,0.08900000154972076
11.489999771118164,-2.3851611614227295,0.08860000222921371
11.5,-2.3851611614227295,0.08819999545812607
11.510000228881836,-2.3851611614227295,0.08780000358819962
11.520000457763672,-2.3716256618499756,0.08740000426769257
11.529999732971191,-2.3648579120635986,0.08699999749660492
11.539999961853027,-2.3580901622772217,0.08659999072551727
11.550000190734863,-2.3580901622772217,0.08619999885559082
11.5600004196167,-2.3513224124908447,0.08580000698566437
11.569999694824219,-2.3445546627044678,0.08540000021457672
11.579999923706055,-2.337786912918091,0.0852000042796135
11.59000015258789,-2.331019401550293,0.08479999750852585
11.600000381469727,-2.331019401550293,0.08459999412298203
11.609999656677246,-2.317483901977539,0.08420000225305557
11.619999885559082,-2.324251651763916,0.08380000293254852
11.630000114440918,-2.317483901977539,0.08320000022649765
11.640000343322754,-2.310716152191162,0.0828000083565712
11.649999618530273,-2.303948402404785,0.08219999819993973
11.65999984741211,-2.303948402404785,0.08179999887943268
11.670000076293945,-2.303948402404785,0.08139999955892563
11.680000305175781,-2.2904129028320312,0.0811999961733818
11.6899995803833,-2.2836451530456543,0.08079999685287476
11.699999809265137,-2.2836451530456543,0.0804000049829483
11.710000038146973,-2.2768774032592773,0.07999999821186066
11.720000267028809,-2.2633419036865234,0.07940000295639038
11.729999542236328,-2.2633419036865234,0.0788000077009201
11.739999771118164,-2.2565741539001465,0.07819999754428864
11.75,-2.2498064041137695,0.07779999822378159
11.760000228881836,-2.2430386543273926,0.07739999890327454
11.770000457763672,-2.2430386543273926,0.07719999551773071
11.779999732971191,-2.2362711429595947,0.07680000364780426
11.789999961853027,-2.2295033931732178,0.07660000026226044
11.800000190734863,-2.222735643386841,0.07619999349117279
11.8100004196167,-2.209200143814087,0.07580000162124634
11.819999694824219,-2.209200143814087,0.07519999891519547
11.829999923706055,-2.209200143814087,0.07479999959468842
11.84000015258789,-2.195664644241333,0.07419999688863754
11.850000381469727,-2.195664644241333,0.07380000501871109
11.859999656677246,-2.188896894454956,0.07339999824762344
11.869999885559082,-2.175361394882202,0.07320000231266022
11.880000114440918,-2.175361394882202,0.07279999554157257
11.890000343322754,-2.168593645095825,0.07259999960660934
11.899999618530273,-2.168593645095825,0.0722000002861023
11.90999984741211,-2.168593645095825,0.07180000096559525
11.920000076293945,-2.1550581455230713,0.0714000016450882
11.930000305175781,-2.1482903957366943,0.07100000232458115
11.9399995803833,-2.1415228843688965,0.0705999955534935
11.949999809265137,-2.1415228843688965,0.07020000368356705
11.960000038146973,-2.1415228843688965,0.06980000436306
11.970000267028809,-2.1415228843688965,0.06939999759197235
11.979999542236328,-2.1279873847961426,0.0690000057220459
11.989999771118164,-2.1144518852233887,0.06839999556541443
12,-2.1076841354370117,0.06800000369548798
12.010000228881836,-2.1009163856506348,0.0674000009894371
12.020000457763672,-2.1009163856506348,0.066600002348423
12.029999732971191,-2.087380886077881,0.06599999964237213
12.039999961853027,-2.080613136291504,0.06540000438690186
12.050000190734863,-2.080613136291504,0.06459999829530716
12.0600004196167,-2.060310125350952,0.06399999558925629
12.069999694824219,-2.0467746257781982,0.06340000033378601
12.079999923706055,-2.0467746257781982,0.06260000169277191
12.09000015258789,-2.0467746257781982,0.06199999898672104
12.100000381469727,-2.0332391262054443,0.06140000373125076
12.109999656677246,-2.0197036266326904,0.06079999729990959
12.119999885559082,-2.0129358768463135,0.06019999831914902
12.130000114440918,-1.9994003772735596,0.059599995613098145
12.140000343322754,-1.9926327466964722,0.058800000697374344
12.149999618530273,-1.9858649969100952,0.05820000171661377
12.15999984741211,-1.9790972471237183,0.0575999990105629
12.170000076293945,-1.9723294973373413,0.05700000002980232
12.180000305175781,-1.9655617475509644,0.05640000104904175
12.1899995803833,-1.9587939977645874,0.0560000017285347
12.199999809265137,-1.9520262479782104,0.055400002747774124
12.210000038146973,-1.938490867614746,0.05480000376701355
12.220000267028809,-1.938490867614746,0.05420000106096268
12.229999542236328,-1.9249553680419922,0.05379999801516533
12.239999771118164,-1.9249553680419922,0.05339999869465828
12.25,-1.9181876182556152,0.05299999564886093
12.260000228881836,-1.9181876182556152,0.05260000377893448
12.270000457763672,-1.897884488105774,0.05219999700784683
12.279999732971191,-1.897884488105774,0.05180000141263008
12.289999961853027,-1.897884488105774,0.05139999836683273
12.300000190734863,-1.897884488105774,0.050999999046325684
12.3100004196167,-1.891116738319397,0.050599999725818634
12.319999694824219,-1.88434898853302,0.05040000006556511
12.329999923706055,-1.88434898853302,0.04999999701976776
12.34000015258789,-1.8708134889602661,0.04959999769926071
12.350000381469727,-1.8708134889602661,0.04939999803900719
12.359999656677246,-1.8640457391738892,0.04919999837875366
12.369999885559082,-1.8640457391738892,0.04899999871850014
12.380000114440918,-1.8572781085968018,0.04879999905824661
12.390000343322754,-1.8572781085968018,0.04859999939799309
12.399999618530273,-1.8572781085968018,0.04840000346302986
12.40999984741211,-1.8572781085968018,0.04820000380277634
12.420000076293945,-1.8505103588104248,0.04800000041723251
12.430000305175781,-1.8437426090240479,0.04779999703168869
12.4399995803833,-1.8437426090240479,0.04759999364614487
12.449999809265137,-1.836974859237671,0.04739999771118164
12.460000038146973,-1.836974859237671,0.04719999432563782
12.470000267028809,-1.830207109451294,0.046799998730421066
12.479999542236328,-1.823439359664917,0.04660000279545784
12.489999771118164,-1.8166717290878296,0.046400003135204315
12.5,-1.8166717290878296,0.04600000008940697
12.510000228881836,-1.823439359664917,0.04560000076889992
12.520000457763672,-1.8166717290878296,0.04540000110864639
12.529999732971191,-1.8031362295150757,0.04520000144839287
12.539999961853027,-1.8099039793014526,0.04480000212788582
12.550000190734863,-1.7963684797286987,0.044600002467632294
12.5600004196167,-1.7896007299423218,0.044199999421834946
12.569999694824219,-1.7896007299423218,0.043800000101327896
12.579999923706055,-1.7828329801559448,0.04319999739527702
12.59000015258789,-1.769297480583191,0.04259999841451645
12.600000381469727,-1.7625298500061035,0.04200000315904617
12.609999656677246,-1.7625298500061035,0.041600000113248825
12.619999885559082,-1.7625298500061035,0.04100000113248825
12.630000114440918,-1.7557621002197266,0.040400002151727676
12.640000343322754,-1.7422266006469727,0.03999999910593033
12.649999618530273,-1.7422266006469727,0.03940000385046005
12.65999984741211,-1.7354588508605957,0.038600001484155655
12.670000076293945,-1.7219234704971313,0.03799999877810478
12.680000305175781,-1.7219234704971313,0.03759999945759773
12.6899995803833,-1.7151557207107544,0.03700000047683716
12.699999809265137,-1.7083879709243774,0.03660000115633011
12.710000038146973,-1.7016202211380005,0.03619999811053276
12.720000267028809,-1.7016202211380005,0.035599999129772186
12.729999542236328,-1.6948524713516235,0.03500000387430191
12.739999771118164,-1.6813170909881592,0.03439999744296074
12.75,-1.6813170909881592,0.033799998462200165
12.760000228881836,-1.6813170909881592,0.033399999141693115
12.770000457763672,-1.6745493412017822,0.032999999821186066
12.779999732971191,-1.6677815914154053,0.032600000500679016
12.789999961853027,-1.6677815914154053,0.03220000118017197
12.800000190734863,-1.6542460918426514,0.03180000185966492
12.8100004196167,-1.6542460918426514,0.031200001016259193
12.819999694824219,-1.6542460918426514,0.030799999833106995
12.829999923706055,-1.6407105922698975,0.03019999898970127
12.84000015258789,-1.6407105922698975,0.029799997806549072
12.850000381469727,-1.6407105922698975,0.029400000348687172
12.859999656677246,-1.627175211906433,0.028999999165534973
12.869999885559082,-1.627175211906433,0.028599997982382774
12.880000114440918,-1.6204074621200562,0.028199996799230576
12.890000343322754,-1.6136397123336792,0.027799999341368675
12.899999618530273,-1.6068719625473022,0.02720000222325325
12.90999984741211,-1.6001042127609253,0.02680000104010105
12.920000076293945,-1.6001042127609253,0.026399999856948853
12.930000305175781,-1.5933364629745483,0.026000002399086952
12.9399995803833,-1.6001042127609253,0.025600001215934753
12.949999809265137,-1.586568832397461,0.02540000155568123
12.960000038146973,-1.573033332824707,0.02500000037252903
12.970000267028809,-1.573033332824707,0.02460000291466713
12.979999542236328,-1.56626558303833,0.02420000173151493
12.989999771118164,-1.5594978332519531,0.023800000548362732
13,-1.5594978332519531,0.023400001227855682
13.010000228881836,-1.5527300834655762,0.023000000044703484
13.020000457763672,-1.5459624528884888,0.022599998861551285
13.029999732971191,-1.5391947031021118,0.022199999541044235
13.039999961853027,-1.5324269533157349,0.021800000220537186
13.050000190734863,-1.5391947031021118,0.021399999037384987
13.0600004196167,-1.525659203529358,0.021199997514486313
13.069999694824219,-1.525659203529358,0.020999999716877937
13.079999923706055,-1.518891453742981,0.020800000056624413
13.09000015258789,-1.518891453742981,0.020600000396370888
13.100000381469727,-1.512123703956604,0.020399998873472214
13.109999656677246,-1.518891453742981,0.019999999552965164
13.119999885559082,-1.512123703956604,0.019600000232458115
13.130000114440918,-1.5053560733795166,0.01940000057220459
13.140000343322754,-1.4918205738067627,0.019200000911951065
13.149999618530273,-1.4918205738067627,0.018799999728798866
13.15999984741211,-1.4918205738067627,0.018599998205900192
13.170000076293945,-1.4918205738067627,0.018400000408291817
13.180000305175781,-1.4850528240203857,0.018199998885393143
13.1899995803833,-1.4782850742340088,0.017799999564886093
13.199999809265137,-1.4782850742340088,0.01759999990463257
13.210000038146973,-1.4782850742340088,0.017400000244379044
13.220000267028809,-1.4782850742340088,0.017200002446770668
13.229999542236328,-1.4782850742340088,0.017000000923871994
13.239999771118164,-1.4715173244476318,0.017000000923871994
13.25,-1.4647495746612549,0.017000000923871994
13.260000228881836,-1.4647495746612549,0.017000000923871994
13.270000457763672,-1.4647495746612549,0.017000000923871994
13.279999732971191,-1.4647495746612549,0.01680000126361847
13.289999961853027,-1.4647495746612549,0.016600001603364944
13.300000190734863,-1.4512141942977905,0.01640000194311142
13.3100004196167,-1.457981824874878,0.016200002282857895
13.319999694824219,-1.4512141942977905,0.015800001099705696
13.329999923706055,-1.4512141942977905,0.015600000508129597
13.34000015258789,-1.4512141942977905,0.015399999916553497
13.350000381469727,-1.4376786947250366,0.015199999324977398
13.359999656677246,-1.4512141942977905,0.014999998733401299
13.369999885559082,-1.4309109449386597,0.014800000004470348
13.380000114440918,-1.4376786947250366,0.014599999412894249
13.390000343322754,-1.4376786947250366,0.014399999752640724
13.399999618530273,-1.4376786947250366,0.014199999161064625
13.40999984741211,-1.4309109449386597,0.014000000432133675
13.420000076293945,-1.4241431951522827,0.01380000077188015
13.430000305175781,-1.4309109449386597,0.013600001111626625
13.4399995803833,-1.4309109449386597,0.013400000520050526
13.449999809265137,-1.4309109449386597,0.013199999928474426
13.460000038146973,-1.4241431951522827,0.012999999336898327
13.470000267028809,-1.4241431951522827,0.012999999336898327
13.479999542236328,-1.4173754453659058,0.012999999336898327
13.489999771118164,-1.4106078147888184,0.012999999336898327
13.5,-1.4173754453659058,0.012999999336898327
13.510000228881836,-1.4173754453659058,0.012999999336898327
13.520000457763672,-1.4106078147888184,0.012999999336898327
13.529999732971191,-1.4173754453659058,0.012999999336898327
13.539999961853027,-1.4173754453659058,0.012999999336898327
13.550000190734863,-1.4173754453659058,0.012999999336898327
13.5600004196167,-1.4106078147888184,0.012999999336898327
13.569999694824219,-1.4106078147888184,0.012999999336898327
13.579999923706055,-1.4106078147888184,0.012999999336898327
13.59000015258789,-1.4038400650024414,0.012999999336898327
13.600000381469727,-1.4106078147888184,0.012999999336898327
13.609999656677246,-1.4106078147888184,0.012999999336898327
13.619999885559082,-1.4106078147888184,0.012999999336898327
13.630000114440918,-1.4106078147888184,0.012999999336898327
13.640000343322754,-1.4106078147888184,0.012800000607967377
13.649999618530273,-1.3970723152160645,0.012600000016391277
13.65999984741211,-1.3903045654296875,0.012400001287460327
13.670000076293945,-1.3970723152160645,0.012000000104308128
13.680000305175781,-1.3970723152160645,0.011599999852478504
13.6899995803833,-1.3835368156433105,0.01140000019222498
13.699999809265137,-1.3835368156433105,0.011200000531971455
13.710000038146973,-1.3835368156433105,0.010799999348819256
13.720000267028809,-1.3767690658569336,0.010599998757243156
13.729999542236328,-1.3700014352798462,0.010399999096989632
13.739999771118164,-1.3700014352798462,0.009999999776482582
13.75,-1.3700014352798462,0.009599999524652958
13.760000228881836,-1.3564659357070923,0.009399999864399433
13.770000457763672,-1.3564659357070923,0.009200000204145908
13.779999732971191,-1.3564659357070923,0.008999999612569809
13.789999961853027,-1.3496981859207153,0.008799999952316284
13.800000190734863,-1.3429304361343384,0.00860000029206276
13.8100004196167,-1.3429304361343384,0.008400000631809235
13.819999694824219,-1.3361626863479614,0.00800000037997961
13.829999923706055,-1.3293949365615845,0.007599999662488699
13.84000015258789,-1.3293949365615845,0.007400000002235174
13.850000381469727,-1.3293949365615845,0.007000000216066837
13.859999656677246,-1.3226271867752075,0.006600000895559788
13.869999885559082,-1.3158595561981201,0.006400000303983688
13.880000114440918,-1.3158595561981201,0.006200000643730164
13.890000343322754,-1.3158595561981201,0.005799999926239252
13.899999618530273,-1.3090918064117432,0.005599999334663153
13.90999984741211,-1.3090918064117432,0.005399999674409628
13.920000076293945,-1.3158595561981201,0.005199999548494816
13.930000305175781,-1.3023240566253662,0.004999999888241291
13.9399995803833,-1.3023240566253662,0.004999999888241291
13.949999809265137,-1.3023240566253662,0.004999999888241291
13.960000038146973,-1.2955563068389893,0.004999999888241291
13.970000267028809,-1.2955563068389893,0.004999999888241291
13.979999542236328,-1.3023240566253662,0.004999999888241291
13.989999771118164,-1.2887885570526123,0.004800000227987766
14,-1.2887885570526123,0.004600000102072954
14.010000228881836,-1.2887885570526123,0.004400000441819429
14.020000457763672,-1.2887885570526123,0.004200000315904617
14.029999732971191,-1.2820208072662354,0.004000000189989805
14.039999961853027,-1.2887885570526123,0.004000000189989805
14.050000190734863,-1.2955563068389893,0.004000000189989805
14.0600004196167,-1.2887885570526123,0.004000000189989805
14.069999694824219,-1.2887885570526123,0.004000000189989805
14.079999923706055,-1.2887885570526123,0.004000000189989805
14.09000015258789,-1.2887885570526123,0.004000000189989805
14.100000381469727,-1.2887885570526123,0.004000000189989805
14.109999656677246,-1.2820208072662354,0.004000000189989805
14.119999885559082,-1.2820208072662354,0.004000000189989805
14.130000114440918,-1.275253176689148,0.004000000189989805
14.140000343322754,-1.2887885570526123,0.004000000189989805
14.149999618530273,-1.275253176689148,0.004000000189989805
14.15999984741211,-1.275253176689148,0.004000000189989805
14.170000076293945,-1.275253176689148,0.004000000189989805
14.180000305175781,-1.275253176689148,0.003800000296905637
14.1899995803833,-1.275253176689148,0.0036000001709908247
14.199999809265137,-1.275253176689148,0.0034000002779066563
14.210000038146973,-1.275253176689148,0.003200000151991844
14.220000267028809,-1.275253176689148,0.003000000026077032
14.229999542236328,-1.268485426902771,0.0028000001329928637
14.239999771118164,-1.261717677116394,0.0026000000070780516
14.25,-1.261717677116394,0.002400000113993883
14.260000228881836,-1.261717677116394,0.0022000002209097147
14.270000457763672,-1.261717677116394,0.0018000000854954123
14.279999732971191,-1.261717677116394,0.001600000075995922
14.289999961853027,-1.2481821775436401,0.0014000001829117537
14.300000190734863,-1.2346467971801758,0.0012000000569969416
14.3100004196167,-1.2481821775436401,0.0010000000474974513
14.319999694824219,-1.2346467971801758,0.0010000000474974513
14.329999923706055,-1.2346467971801758,0.000800000037997961
14.34000015258789,-1.2278790473937988,0.0006000000284984708
14.350000381469727,-1.2211112976074219,0.0004000000189989805
14.359999656677246,-1.2211112976074219,1.0444986889290853e-14
14.369999885559082,-1.2211112976074219,-0.0004000000189989805
14.380000114440918,-1.214343547821045,-0.0006000000284984708
14.390000343322754,-1.207575798034668,-0.0009999999310821295
14.399999618530273,-1.200808048248291,-0.0014000000664964318
14.40999984741211,-1.194040298461914,-0.001600000075995922
14.420000076293945,-1.194040298461914,-0.0018000000854954123
14.430000305175781,-1.1805049180984497,-0.002199999988079071
14.4399995803833,-1.153433918952942,-0.002400000113993883
14.449999809265137,-1.146666169166565,-0.0026000000070780516
14.460000038146973,-1.0654534101486206,-0.0028000001329928637
14.470000267028809,-0.9842406511306763,-0.003000000026077032
14.479999542236328,-0.9977761507034302,-0.003000000026077032
14.489999771118164,-0.9774729609489441,-0.003000000026077032
14.5,-0.9639374613761902,-0.003000000026077032
14.510000228881836,-0.9774729609489441,-0.003000000026077032
14.520000457763672,-0.9707052111625671,-0.003000000026077032
14.529999732971191,-0.9707052111625671,-0.003000000026077032
14.539999961853027,-0.9842406511306763,-0.003000000026077032
14.550000190734863,-0.9910084009170532,-0.003000000026077032
14.5600004196167,-0.9910084009170532,-0.003000000026077032
14.569999694824219,-1.0045439004898071,-0.003000000026077032
14.579999923706055,-1.0045439004898071,-0.003000000026077032
14.59000015258789,-1.0045439004898071,-0.003000000026077032
14.600000381469727,-0.9910084009170532,-0.003000000026077032
14.609999656677246,-0.9910084009170532,-0.003000000026077032
14.619999885559082,-0.9910084009170532,-0.003000000026077032
14.630000114440918,-0.9774729609489441,-0.003000000026077032
14.640000343322754,-0.9774729609489441,-0.003000000026077032
14.649999618530273,-0.9774729609489441,-0.003000000026077032
14.65999984741211,-0.9774729609489441,-0.003000000026077032
14.670000076293945,-0.9774729609489441,-0.003000000026077032
14.680000305175781,-0.9639374613761902,-0.003000000026077032
14.6899995803833,-0.9639374613761902,-0.003000000026077032
14.699999809265137,-0.9639374613761902,-0.003000000026077032
14.710000038146973,-0.9639374613761902,-0.003000000026077032
14.720000267028809,-0.9707052111625671,-0.003000000026077032
14.729999542236328,-0.9639374613761902,-0.003000000026077032
14.739999771118164,-0.9639374613761902,-0.003000000026077032
14.75,-0.9707052111625671,-0.003000000026077032
14.760000228881836,-0.9707052111625671,-0.003000000026077032
14.770000457763672,-0.9774729609489441,-0.003000000026077032
14.779999732971191,-0.9774729609489441,-0.003000000026077032
14.789999961853027,-0.9774729609489441,-0.003000000026077032
14.800000190734863,-0.9842406511306763,-0.003000000026077032
14.8100004196167,-0.9910084009170532,-0.003000000026077032
14.819999694824219,-0.9910084009170532,-0.003000000026077032
14.829999923706055,-0.9910084009170532,-0.003000000026077032
14.84000015258789,-0.9977761507034302,-0.003000000026077032
14.850000381469727,-0.9910084009170532,-0.003000000026077032
14.859999656677246,-0.9910084009170532,-0.003000000026077032
14.869999885559082,-0.9977761507034302,-0.003000000026077032
14.880000114440918,-0.9910084009170532,-0.003000000026077032
14.890000343322754,-0.9977761507034302,-0.003000000026077032
14.899999618530273,-0.9977761507034302,-0.003000000026077032
14.90999984741211,-0.9910084009170532,-0.003000000026077032
14.920000076293945,-1.0045439004898071,-0.003000000026077032
14.930000305175781,-1.0045439004898071,-0.003000000026077032
14.9399995803833,-1.0045439004898071,-0.003000000026077032
14.949999809265137,-0.9910084009170532,-0.003000000026077032
14.960000038146973,-0.9977761507034302,-0.003000000026077032
14.970000267028809,-1.0045439004898071,-0.003000000026077032
14.979999542236328,-1.0045439004898071,-0.003000000026077032
14.989999771118164,-1.0045439004898071,-0.003000000026077032
15,-1.0113115310668945,-0.003000000026077032
15.010000228881836,-1.0180792808532715,-0.003000000026077032
15.020000457763672,-1.0180792808532715,-0.003000000026077032
15.029999732971191,-1.0316147804260254,-0.003000000026077032
15.039999961853027,-1.0316147804260254,-0.003000000026077032
15.050000190734863,-1.0383825302124023,-0.003000000026077032
15.0600004196167,-1.0586857795715332,-0.003000000026077032
15.069999694824219,-1.0654534101486206,-0.003000000026077032
15.079999923706055,-1.0722211599349976,-0.003000000026077032
15.09000015258789,-1.0925244092941284,-0.003000000026077032
15.100000381469727,-1.0857566595077515,-0.003000000026077032
15.109999656677246,-1.0992921590805054,-0.003000000026077032
15.119999885559082,-1.0992921590805054,-0.003000000026077032
15.130000114440918,-1.0992921590805054,-0.0029999997932463884
